sample_id,pid,timepoint,supp,cancer,supp_time,cancer_time,sex,sex_time,BMI,DXA_ALM_kg,DXA_percFat,DXA_ALM_per_m2,yrs_since_dx,age,stage
CR006_T1,CR006,T1,PLA,SURV,PLA_T1,SURV_T1,Male,Male_T1,25.3,22.3,32.2,6.96,6,76,2
CR006_T2,CR006,T2,PLA,SURV,PLA_T2,SURV_T2,Male,Male_T2,25.3,22.3,32.2,6.96,6,76,2
CR007_T1,CR007,T1,PLA,SURV,PLA_T1,SURV_T1,Female,Female_T1,29.1,19,41.4,6.92,5,56,3
CR007_T2,CR007,T2,PLA,SURV,PLA_T2,SURV_T2,Female,Female_T2,29.1,19,41.4,6.92,5,56,3
CR008_T1,CR008,T1,CRE,SURV,CRE_T1,SURV_T1,Male,Male_T1,32.3,30,32.3,9.36,13,58,3
CR008_T2,CR008,T2,CRE,SURV,CRE_T2,SURV_T2,Male,Male_T2,32.3,30,32.3,9.36,13,58,3
CR009_T1,CR009,T1,CRE,SURV,CRE_T1,SURV_T1,Female,Female_T1,29.6,20.1,41.5,6.83,12,68,4
CR009_T2,CR009,T2,CRE,SURV,CRE_T2,SURV_T2,Female,Female_T2,29.6,20.1,41.5,6.83,12,68,4
CR010_T1,CR010,T1,CRE,SURV,CRE_T1,SURV_T1,Female,Female_T1,39.2,30.3,42.4,10.62,17,39,3
CR010_T2,CR010,T2,CRE,SURV,CRE_T2,SURV_T2,Female,Female_T2,39.2,30.3,42.4,10.62,17,39,3
CR012_T1,CR012,T1,CRE,SURV,CRE_T1,SURV_T1,Female,Female_T1,27.5,16.1,38.9,6.4,26,68,4
CR012_T2,CR012,T2,CRE,SURV,CRE_T2,SURV_T2,Female,Female_T2,27.5,16.1,38.9,6.4,26,68,4
CR015_T1,CR015,T1,PLA,SURV,PLA_T1,SURV_T1,Female,Female_T1,25.6,15.4,39.6,5.99,2,56,4
CR017_T1,CR017,T1,PLA,SURV,PLA_T1,SURV_T1,Female,Female_T1,27.6,19.3,36.9,7.03,6,57,1
CR017_T2,CR017,T2,PLA,SURV,PLA_T2,SURV_T2,Female,Female_T2,27.6,19.3,36.9,7.03,6,57,1
CR018_T1,CR018,T1,PLA,SURV,PLA_T1,SURV_T1,Male,Male_T1,28.5,21.8,28.3,8.26,5,72,3
CR018_T2,CR018,T2,PLA,SURV,PLA_T2,SURV_T2,Male,Male_T2,28.5,21.8,28.3,8.26,5,72,3
CR022_T1,CR022,T1,CRE,SURV,CRE_T1,SURV_T1,Male,Male_T1,33.6,34.1,32.6,9.93,3,69,3
CR022_T2,CR022,T2,CRE,SURV,CRE_T2,SURV_T2,Male,Male_T2,33.6,34.1,32.6,9.93,3,69,3
CR023_T1,CR023,T1,PLA,SURV,PLA_T1,SURV_T1,Male,Male_T1,30.8,27.8,37,7.56,26,78,4
CR025_T1,CR025,T1,CRE,SURV,CRE_T1,SURV_T1,Male,Male_T1,39.5,33.7,34.8,11.31,6,55,3
CR025_T2,CR025,T2,CRE,SURV,CRE_T2,SURV_T2,Male,Male_T2,39.5,33.7,34.8,11.31,6,55,3
CR072_T1,CR072,T1,CRE,SURV,CRE_T1,SURV_T1,Female,Female_T1,30.3,13.8,42.1,5.06,7,31,3
CR072_T2,CR072,T2,CRE,SURV,CRE_T2,SURV_T2,Female,Female_T2,30.3,13.8,42.1,5.06,7,31,3
CR149_T1,CR149,T1,PLA,SURV,PLA_T1,SURV_T1,Female,Female_T1,27.7,19.4,40,6.59,6,63,4
CR149_T2,CR149,T2,PLA,SURV,PLA_T2,SURV_T2,Female,Female_T2,27.7,19.4,40,6.59,6,63,4
CR163_T1,CR163,T1,CRE,SURV,CRE_T1,SURV_T1,Male,Male_T1,29.8,26.7,28.3,8.7,7,65,3
CR163_T2,CR163,T2,CRE,SURV,CRE_T2,SURV_T2,Male,Male_T2,29.8,26.7,28.3,8.7,7,65,3
CR383_T1,CR383,T1,CRE,SURV,CRE_T1,SURV_T1,Male,Male_T1,23.7,26.1,21.9,7.81,11,60,3
CR386_T1,CR386,T1,PLA,SURV,PLA_T1,SURV_T1,Female,Female_T1,35.8,22,41.2,8.38,5,64,3
CR386_T2,CR386,T2,PLA,SURV,PLA_T2,SURV_T2,Female,Female_T2,35.8,22,41.2,8.38,5,64,3
PPS02,PPS02,T1,na,CTL,na_T1,CTL_T1,Female,Female_T1,27,18.8,41.5,6.63,na,65,na
PPS20,PPS20,T1,na,CTL,na_T1,CTL_T1,Male,Male_T1,33,25.8,36.1,9.76,na,76,na
PPS28,PPS28,T1,na,CTL,na_T1,CTL_T1,Male,Male_T1,26.5,24.9,33.7,7.99,na,76,na
PPS31,PPS31,T1,na,CTL,na_T1,CTL_T1,Male,Male_T1,28.3,28.7,27.2,9.31,na,54,na
PPS32,PPS32,T1,na,CTL,na_T1,CTL_T1,Female,Female_T1,22.6,14.7,34,6.22,na,54,na
PPS37,PPS37,T1,na,CTL,na_T1,CTL_T1,Female,Female_T1,25.1,17.4,42.6,6.03,na,65,na
PPS40,PPS40,T1,na,CTL,na_T1,CTL_T1,Male,Male_T1,27.6,26.8,37.8,7.86,na,75,na
PPS41,PPS41,T1,na,CTL,na_T1,CTL_T1,Female,Female_T1,18.2,12.3,30.1,4.86,na,51,na
PPS42,PPS42,T1,na,CTL,na_T1,CTL_T1,Male,Male_T1,28.9,25.8,33.9,8.32,na,71,na
PPS44,PPS44,T1,na,CTL,na_T1,CTL_T1,Male,Male_T1,33.7,33.5,38.1,9.79,na,52,na